<?xml version="1.0" encoding="UTF-8"?>
<!DOCTYPE  mapper
        PUBLIC "-//mybatis.org//DTD Mapper 3.0//EN"
        "http://mybatis.org/dtd/mybatis-3-mapper.dtd">
<mapper namespace="edu.swjtuhc.mapper.UserProfileMapper">
	<resultMap id="BaseResultMap"
		type="edu.swjtuhc.model.UserProfile">
		<id column="account" property="account" jdbcType="VARCHAR" />
		<result column="name" property="name"
			jdbcType="VARCHAR" />
		<result column="position" property="position"
			jdbcType="VARCHAR" />
		<result column="title" property="title"
			jdbcType="VARCHAR" />
		<result column="position_level" property="positionLevel"
			jdbcType="VARCHAR" />
		<result column="department" property="department"
			jdbcType="VARCHAR" />
		<result column="sub_department" property="subDepartment"
			jdbcType="VARCHAR" />
	</resultMap>
	<sql id="Base_Column_List">
		account,name,position,title,position_level,department,sub_department
	</sql>
	<select id="getUserProfileByAccount" parameterType="java.lang.String"
		resultMap="BaseResultMap">
		select
		<include refid="Base_Column_List"></include>
		from user_profile
		where account = #{account}
	</select>
	<insert id="insertUserProfile"
		parameterType="edu.swjtuhc.model.UserProfile">
		INSERT INTO 
		user_profile
		(account,name,position,title,position_level,department,sub_department)
		values
		(#{account},#{name},#{position},#{title},#{positionLevel},#{department},#{subDepartment})
	</insert>
	<update id="updateUserProfile" parameterType="edu.swjtuhc.model.UserProfile">
		UPDATE
		user_profile
		SET
		account = #{account},name = #{name},position=#{position},title=#{title},position_level=#{positionLevel},department=#{department},sub_department=#{subDepartment}
		WHERE
		account = #{account}
	</update>

</mapper> 